-- phpMyAdmin SQL Dump
-- version 5.2.1
-- https://www.phpmyadmin.net/
--
-- Host: 127.0.0.1
-- Waktu pembuatan: 17 Bulan Mei 2024 pada 12.56
-- Versi server: 10.4.28-MariaDB
-- Versi PHP: 8.0.28

SET SQL_MODE = "NO_AUTO_VALUE_ON_ZERO";
START TRANSACTION;
SET time_zone = "+00:00";


/*!40101 SET @OLD_CHARACTER_SET_CLIENT=@@CHARACTER_SET_CLIENT */;
/*!40101 SET @OLD_CHARACTER_SET_RESULTS=@@CHARACTER_SET_RESULTS */;
/*!40101 SET @OLD_COLLATION_CONNECTION=@@COLLATION_CONNECTION */;
/*!40101 SET NAMES utf8mb4 */;

--
-- Database: `aplikas_spp1`
--

-- --------------------------------------------------------

--
-- Struktur dari tabel `kelas`
--

CREATE TABLE `kelas` (
  `id_kelas` int(11) NOT NULL,
  `nama_kelas` varchar(10) DEFAULT NULL,
  `kompetensi_keahlian` varchar(50) DEFAULT NULL
) ENGINE=InnoDB DEFAULT CHARSET=utf8mb4 COLLATE=utf8mb4_general_ci;

--
-- Dumping data untuk tabel `kelas`
--

INSERT INTO `kelas` (`id_kelas`, `nama_kelas`, `kompetensi_keahlian`) VALUES
(11, 'X', 'RPL'),
(12, 'XI', 'RPL'),
(13, 'XII', 'RPL'),
(14, 'X', 'TAV'),
(15, 'XI', 'TAV'),
(16, 'XII', 'TAV'),
(17, 'X', 'DPIB'),
(18, 'XI', 'DPIB'),
(19, 'XII', 'DPIB'),
(20, 'X', 'OTOMOTIF'),
(21, 'XI', 'OTOMOTIF'),
(22, 'XII', 'OTOMOTIF');

-- --------------------------------------------------------

--
-- Struktur dari tabel `pembayaran`
--

CREATE TABLE `pembayaran` (
  `id_pembayaran` int(11) NOT NULL,
  `id_petugas` int(11) NOT NULL,
  `nisn` varchar(10) NOT NULL,
  `tgl_bayar` date DEFAULT NULL,
  `bulan_dibayar` varchar(8) DEFAULT NULL,
  `tahun_dibayar` varchar(4) DEFAULT NULL,
  `id_spp` int(11) NOT NULL,
  `jml_bayar` int(11) DEFAULT NULL
) ENGINE=InnoDB DEFAULT CHARSET=utf8mb4 COLLATE=utf8mb4_general_ci;

--
-- Dumping data untuk tabel `pembayaran`
--

INSERT INTO `pembayaran` (`id_pembayaran`, `id_petugas`, `nisn`, `tgl_bayar`, `bulan_dibayar`, `tahun_dibayar`, `id_spp`, `jml_bayar`) VALUES
(111, 1001, 'A01', '2021-05-18', 'Mei', '2021', 1, 500000),
(112, 1001, 'A02', '2022-07-18', 'Juli', '2022', 2, 600000);

-- --------------------------------------------------------

--
-- Struktur dari tabel `petugas`
--

CREATE TABLE `petugas` (
  `id_petugas` int(11) NOT NULL,
  `username` varchar(25) NOT NULL,
  `password` varchar(32) NOT NULL,
  `nama_petugas` varchar(35) NOT NULL,
  `level` enum('admin','petugas') NOT NULL
) ENGINE=InnoDB DEFAULT CHARSET=utf8mb4 COLLATE=utf8mb4_general_ci;

--
-- Dumping data untuk tabel `petugas`
--

INSERT INTO `petugas` (`id_petugas`, `username`, `password`, `nama_petugas`, `level`) VALUES
(1001, 'admin@aplikasi.spp.id', '81dc9bdb52d04dc20036dbd8313ed055', 'admin', 'admin'),
(1002, 'petugas@aplikasi.sppd.id', '827ccb0eea8a706c4c34a16891f84e7b', 'petugas', 'petugas');

-- --------------------------------------------------------

--
-- Struktur dari tabel `siswa`
--

CREATE TABLE `siswa` (
  `nisn` varchar(10) NOT NULL,
  `nis` varchar(8) DEFAULT NULL,
  `nama` varchar(35) DEFAULT NULL,
  `id_kelas` int(11) NOT NULL,
  `alamat` text DEFAULT NULL,
  `no_tlp` varchar(13) DEFAULT NULL,
  `id_spp` int(11) NOT NULL
) ENGINE=InnoDB DEFAULT CHARSET=utf8mb4 COLLATE=utf8mb4_general_ci;

--
-- Dumping data untuk tabel `siswa`
--

INSERT INTO `siswa` (`nisn`, `nis`, `nama`, `id_kelas`, `alamat`, `no_tlp`, `id_spp`) VALUES
('A01', '101', 'Ella', 11, 'Jakarta', '087777', 1),
('A02', '102', 'Greesel', 12, 'Jakarta', '087779', 2),
('A03', '103', 'Oda', 13, 'Cianjur', '087079', 3),
('A04', '104', 'Honda', 14, 'Jelekong', '080079', 1),
('A05', '105', 'Shania', 15, 'Bandung', '089079', 2),
('A06', '106', 'Shani', 16, 'Bandung', '089179', 3);

-- --------------------------------------------------------

--
-- Struktur dari tabel `spp`
--

CREATE TABLE `spp` (
  `id_spp` int(11) NOT NULL,
  `tahun` int(11) DEFAULT NULL,
  `nominal` int(11) DEFAULT NULL,
  `keterangan` varchar(50) NOT NULL
) ENGINE=InnoDB DEFAULT CHARSET=utf8mb4 COLLATE=utf8mb4_general_ci;

--
-- Dumping data untuk tabel `spp`
--

INSERT INTO `spp` (`id_spp`, `tahun`, `nominal`, `keterangan`) VALUES
(1, 2021, 500000, ''),
(2, 2022, 600000, ''),
(3, 2023, 500000, '');

--
-- Indexes for dumped tables
--

--
-- Indeks untuk tabel `kelas`
--
ALTER TABLE `kelas`
  ADD PRIMARY KEY (`id_kelas`);

--
-- Indeks untuk tabel `pembayaran`
--
ALTER TABLE `pembayaran`
  ADD PRIMARY KEY (`id_pembayaran`),
  ADD KEY `nisn` (`nisn`),
  ADD KEY `id_spp` (`id_spp`),
  ADD KEY `id_petugas` (`id_petugas`);

--
-- Indeks untuk tabel `petugas`
--
ALTER TABLE `petugas`
  ADD PRIMARY KEY (`id_petugas`);

--
-- Indeks untuk tabel `siswa`
--
ALTER TABLE `siswa`
  ADD PRIMARY KEY (`nisn`),
  ADD KEY `id_kelas` (`id_kelas`),
  ADD KEY `id_spp` (`id_spp`);

--
-- Indeks untuk tabel `spp`
--
ALTER TABLE `spp`
  ADD PRIMARY KEY (`id_spp`);

--
-- Ketidakleluasaan untuk tabel pelimpahan (Dumped Tables)
--

--
-- Ketidakleluasaan untuk tabel `pembayaran`
--
ALTER TABLE `pembayaran`
  ADD CONSTRAINT `pembayaran_ibfk_1` FOREIGN KEY (`nisn`) REFERENCES `siswa` (`nisn`),
  ADD CONSTRAINT `pembayaran_ibfk_2` FOREIGN KEY (`id_spp`) REFERENCES `spp` (`id_spp`),
  ADD CONSTRAINT `pembayaran_ibfk_3` FOREIGN KEY (`id_petugas`) REFERENCES `petugas` (`id_petugas`);

--
-- Ketidakleluasaan untuk tabel `siswa`
--
ALTER TABLE `siswa`
  ADD CONSTRAINT `siswa_ibfk_1` FOREIGN KEY (`id_kelas`) REFERENCES `kelas` (`id_kelas`),
  ADD CONSTRAINT `siswa_ibfk_2` FOREIGN KEY (`id_spp`) REFERENCES `spp` (`id_spp`);
COMMIT;

/*!40101 SET CHARACTER_SET_CLIENT=@OLD_CHARACTER_SET_CLIENT */;
/*!40101 SET CHARACTER_SET_RESULTS=@OLD_CHARACTER_SET_RESULTS */;
/*!40101 SET COLLATION_CONNECTION=@OLD_COLLATION_CONNECTION */;
